id;cost_center_code;cost_center_name;cost_center_type
1;Heredado a;cross-platform Checking;Programable Bricolaje Granito
2;up killer ;Buckinghamshire Liberia Ladrillo;adaptador connecting
3;protocol h;Marca Arquitecto;Sector override Producto
4;Galicia so;Increible parse;driver Agente Berkshire
5;Ordenador;Normas Bermudian revolutionary;Informática Salud Silla
6;unleash;indexing;Programable
7;program óp;Senior;Asturias SQL Supervisor
8;architectu;La;Metal
9;generación;Verde functionalities;Gerente de
10;Bricolaje ;Guinea-Bisau Avanzado Madera;Rupiah
