id;numberid;digitverification;name;address;city;email
1;47608;33564;Algodón;calculate Rojo;Spokane Valley;Jess22@yahoo.com
2;92552;79221;Ramal SMS transmitter;Algodón;Lucasside;MaraJos_Gracia@gmail.com
3;88155;92649;La Factores envisioneer;calculate;Ponferrada Maricarmenborough;Csar.Garrido@hotmail.com
4;30874;56967;Blanco;Facilitador neural;Huelva Homero;Ernesto.Villagmez@hotmail.com
5;39884;17400;utilize;Salud;Joliet;Berta_Montaez@hotmail.com
6;33698;60761;niches Madera;Bajada Música;Pamplona Claudiaport;Micaela87@gmail.com
7;58968;58236;Inteligente Baleares;maximizada;Corderofort;Diana7@gmail.com
8;87747;45589;eyeballs Moroccan;Buckinghamshire real-time;Rubí Carolina;Carmen.Grijalva@yahoo.com
9;98217;56425;Operativo Fundamental;La;Badalona Hernánport;Alejandro.Maestas@hotmail.com
10;29272;45352;Salida feed generación;Borders radical;Lealbury;Graciela_Vega@gmail.com
